{
  "5": [-0.8554, 0.08516, 15.2645],
  "6": [-1.123, 0.08865, 15.3825],
  "7": [-1.3596, 0.09289, 15.6023],
  "8": [-1.5542, 0.09778, 15.8855],
  "9": [-1.5542, 0.10303, 16.2333],
  "10": [-1.771, 0.10823, 16.6786],
  "11": [-1.7873, 0.11304, 17.2236],
  "12": [-1.7511, 0.1172, 17.8706],
  "13": [-1.6732, 0.12055, 18.6148],
  "14": [-1.5615, 0.1231, 19.3937],
  "15": [-1.4263, 0.12501, 20.1427],
  "16": [-1.12762, 0.1265, 20.8287]
}
