{
  "5": [-0.978, 0.0992, 15.2464],
  "6": [-1.1728, 0.10471, 15.32],
  "7": [-1.3287, 0.11021, 15.524],
  "8": [-1.4336, 0.11557, 15.8738],
  "9": [-1.4823, 0.12067, 16.3423],
  "10": [-1.4787, 0.12534, 16.9136],
  "11": [-1.4339, 0.12946, 17.6088],
  "12": [-1.3621, 0.13295, 18.39866],
  "13": [-1.2739, 0.1358, 19.1931],
  "14": [-1.1788, 0.13808, 19.907],
  "15": [-1.0838, 0.13991, 20.4763],
  "16": [-0.9898, 0.14142, 20.8863]
}
